S_G05_T1,G05,G05_T1_1776963780

2026-04-23T19:03:12,divergence,context_only,,,
2026-04-23T19:03:04,Participant,I wanna die
2026-04-23T19:03:07,Participant,"Yes, me too"
2026-04-23T19:03:11,Participant,Besties
2026-04-23T19:03:25,Could you expand on that a bit more?


S_G05_T1,G05,G05_T1_1776963899

2026-04-23T19:05:13,divergence,context_only,,,
2026-04-23T19:05:06,Participant,yes
2026-04-23T19:05:08,Participant,me too
2026-04-23T19:05:09,Participant,yes
2026-04-23T19:05:11,Participant,no
2026-04-23T19:05:29,"It seems like we've covered a lot of ground quickly. To help us focus, what area of student life feels most challenging to you right now?"


S_G01_T1,G01,G01_T1_1776979442

2026-04-23T23:25:04,divergence,context_only,,,
2026-04-23T23:24:51,Participant,delft needs more events
2026-04-23T23:24:54,Participant,yes i agree
2026-04-23T23:25:06,"It sounds like we're both in agreement about increasing events at TU Delft to boost student engagement! Perhaps, let’s explore different types of gatherings that could cater to various interests among students? What kind of event do you think would be most beneficial for fostering a sense of community and wellbeing?"

2026-04-23T23:25:56,divergence,context_only,,,
2026-04-23T23:25:45,Participant,I dont know
2026-04-23T23:25:57,"That's okay! Let’s brainstorm some event types together that might appeal to different students at TU Delft, like workshops or social mixers. What are your thoughts? Maybe you have a favorite idea in mind already!"

2026-04-23T23:26:16,divergence,context_only,,,
2026-04-23T23:26:10,Participant,i dont
2026-04-23T23:26:14,Participant,i dont
2026-04-23T23:26:16,Participant,Pepper i dont
2026-04-23T23:26:18,"It's perfectly fine to feel a bit unsure about starting this brainstorming session! How about we begin with some broad categories of events? Workshops, sports days, cultural festivals – these could all be great ways for students at TU Delft to connect and relax. What do you think might resonate most with our student body based on your experiences or interests?"


S_G01_T1,G01,G01_T1_1777455947

2026-04-29T11:46:00,divergence,context_only,,,
2026-04-29T11:45:50,Participant,something
2026-04-29T11:46:03,Could you expand on that a bit more?


LIVE_1777460246,G_LIVE,LIVE_1777460246

2026-04-29T12:57:53,divergence,context_only,,,
2026-04-29T12:57:53,Participant,What do you think of Delft's campus?
2026-04-29T12:57:56,Could you tell me a little more?


S_G01_T1,G01,G01_T1_1777460758

2026-04-29T13:06:20,divergence,context_only,,,
2026-04-29T13:06:10,Participant,What do you think of the campus in Delft
2026-04-29T13:06:27,"It's great to hear your thoughts about TU Delft! To better support student wellbeing, perhaps we could explore more community events or initiatives that bring students together? What are some specific areas where you feel engagement might be enhanced?"

2026-04-29T13:07:44,divergence,context_only,,,
2026-04-29T13:07:34,Participant,What do you think about the building Echo?
2026-04-29T13:07:46,"That's an interesting point! Buildings like Echo could be focal points for student gatherings or events, fostering a sense of community. Maybe we can think about how these spaces are utilized to enhance engagement? What activities do you envision taking place there that would benefit both wellbeing and academic involvement?"

2026-04-29T13:09:31,divergence,context_only,,,
2026-04-29T13:08:24,Participant,a
2026-04-29T13:09:31,Participant,"Pepper , do you think students from a computer science background still know how to code or do you think AI is now doing all the work for them while they just give it prompts to do their work?"
2026-04-29T13:09:33,"That's an insightful question! It might be beneficial to encourage a balance between AI assistance in computer science courses and hands-on coding experiences, ensuring students retain their practical skills while also leveraging technology for efficiency. How do you think we could achieve this blend at TU Delft?"


LIVE_1777461263,G_LIVE,LIVE_1777461263

2026-04-29T13:14:29,divergence,context_only,,,
2026-04-29T13:14:29,Participant,hello
2026-04-29T13:14:30,It's great to have you here! Let's start by sharing any initial thoughts or topics that come to mind for our brainstorming session today. What are we aiming to explore? Feel free to jump in whenever you feel ready.

2026-04-29T13:14:48,divergence,context_only,,,
2026-04-29T13:14:48,Participant,why are you not talking
2026-04-29T13:14:49,"I apologize for any confusion; I'm here to facilitate our discussion, so please feel free to share your thoughts or questions at any time! What topic would you like us to focus on today? Your input is key as we move forward in this brainstorming session together."


LIVE_1777461317,G_LIVE,LIVE_1777461317

2026-04-29T13:15:19,divergence,context_only,,,
2026-04-29T13:15:19,Participant,hello
2026-04-29T13:15:20,"It's great to see everyone here! Let's start by sharing any initial thoughts or topics that come to mind for our brainstorming today. Feel free to go wherever your creativity takes you, no idea is too small at this stage. What are we thinking about first?"


LIVE_1777900387,G_LIVE,LIVE_1777900387

2026-05-04T15:13:12,divergence,context_only,,,
2026-05-04T15:13:12,Participant,"Hello, can you help me with brainstorming ideas?"
2026-05-04T15:13:12,Could you tell me a little more?


LIVE_1778063958,G_LIVE,LIVE_1778063958

2026-05-06T12:39:29,divergence,context_only,,,
2026-05-06T12:39:29,Participant,oh can you hear me i'm trying to see something here
2026-05-06T12:39:29,Could you tell me a little more?

2026-05-06T12:42:03,divergence,context_only,,,
2026-05-06T12:42:03,Participant,can we talk about some specific topics like improving campus life
2026-05-06T12:42:03,Could you tell me a little more?


LIVE_1778064224,G_LIVE,LIVE_1778064224

2026-05-06T12:43:55,divergence,context_only,,,
2026-05-06T12:43:55,Participant,hello pepper nice to meet you sweet
2026-05-06T12:43:55,Could you tell me a little more?

2026-05-06T12:44:40,divergence,context_only,,,
2026-05-06T12:44:40,Participant,can we talk about something
2026-05-06T12:45:01,"I'm happy to chat! To get us started, is there a specific topic or area you had in mind that we could brainstorm around today?"


LIVE_1778064405,G_LIVE,LIVE_1778064405

2026-05-06T12:47:09,divergence,context_only,,,
2026-05-06T12:47:09,Participant,a little pepper introduce yourself i wonder because saw two usb so then i think it can separate cordless too so that maybe we can just do some sort of pork
2026-05-06T12:47:29,That's quite a few ideas in one thought! Maybe we could start by focusing on just one aspect—like the cordless separation—to see where that leads us first?

2026-05-06T12:47:50,divergence,context_only,,,
2026-05-06T12:47:50,Participant,to come up how should need out sorry i haven't moved experience excuse christ core feed never
2026-05-06T12:48:13,No worries at all! Sometimes these ideas can get tangled up. Maybe we could take a quick breath and just revisit what aspect of the cordless separation you wanted to explore next?

2026-05-06T12:48:35,divergence,context_only,,,
2026-05-06T12:48:35,Participant,just moves inside it at random time he just the leaps and green shorts every single age what's the yeah group
2026-05-06T12:48:59,"It sounds like we're jumping through a lot of ideas right now! Maybe if we take a quick step back, what was the single most interesting part about that cordless separation idea again?"

