session_id,group_id,conversation_id,sequence_index,robot_turn_index,event_type,timestamp,start_timestamp,end_timestamp,speaker,text,phase,strategy,prompt_id,source,audio_input_mode,audio_device,audio_source,audio_channel,audio_rms,triggered_robot,trigger_words,fallback_reason,elicitation_engagement_score,previous_elicitation_prompt_id,previous_elicitation_strategy,previous_elicitation_phase
LIVE_G01_T1,G01,G01_T1_1778666944,1,,session_start_evaluation,2026-05-13T12:09:27.822,2026-05-13T12:09:27.822,2026-05-13T12:09:27.822,Researcher,Session-start engagement and creative confidence scores,divergence,session_start,,manual_evaluation,focusrite,Analogue 1 + 2 (Focusrite USB A,,,,,,,100,100,start,,,
LIVE_G01_T1,G01,G01_T1_1778666944,2,0,session_end_evaluation,2026-05-13T12:09:37.348,2026-05-13T12:09:37.348,2026-05-13T12:09:37.348,Researcher,Session-end engagement and creative confidence scores,divergence,,,manual_evaluation,focusrite,Analogue 1 + 2 (Focusrite USB A,,,,,,,,100,end,,,
LIVE_G01_T1,G01,G01_T1_1778666997,1,,session_start_evaluation,2026-05-13T12:10:02.820,2026-05-13T12:10:02.820,2026-05-13T12:10:02.820,Researcher,Session-start engagement and creative confidence scores,divergence,session_start,,manual_evaluation,focusrite,Analogue 1 + 2 (Focusrite USB A,,,,,,,67,67,start,,,
LIVE_G01_T1,G01,G01_T1_1778666997,2,,participant,2026-05-13T12:10:09.001,2026-05-13T12:10:04.819,2026-05-13T12:10:09.001,Participant 2,high,divergence,,,,focusrite,Analogue 1 + 2 (Focusrite USB A,focusrite,2,18393.27,false,pepper,,,,,,,
LIVE_G01_T1,G01,G01_T1_1778666997,3,,participant,2026-05-13T12:10:10.300,2026-05-13T12:10:04.539,2026-05-13T12:10:10.300,Participant 1,high,divergence,,,,focusrite,Analogue 1 + 2 (Focusrite USB A,focusrite,1,10566.95,false,pepper,,,,,,,
LIVE_G01_T1,G01,G01_T1_1778666997,4,1,participant,2026-05-13T12:10:17.401,2026-05-13T12:10:15.408,2026-05-13T12:10:17.401,Participant 1,pepper,divergence,,,,focusrite,Analogue 1 + 2 (Focusrite USB A,focusrite,1,9686.76,true,pepper,,,,,,,
LIVE_G01_T1,G01,G01_T1_1778666997,5,1,robot,2026-05-13T12:10:53.975,2026-05-13T12:10:25.743,2026-05-13T12:10:53.975,Robot,"How about we explore creating more peer mentorship programs? It could help students feel supported and connected to their academic community at TU Delft. We can also look into integrating wellness workshops that focus on stress management, which might enhance overall engagement by addressing mental health proactively.",divergence,context_only,,lmstudio,focusrite,Analogue 1 + 2 (Focusrite USB A,,,,true,,,,,,,,
LIVE_G01_T1,G01,G01_T1_1778666997,6,,participant,2026-05-13T12:11:10.901,2026-05-13T12:11:07.838,2026-05-13T12:11:10.901,Participant 1,paper wire so slow,divergence,,,,focusrite,Analogue 1 + 2 (Focusrite USB A,focusrite,1,1160.96,false,pepper,,,,,,,
LIVE_G01_T1,G01,G01_T1_1778666997,7,2,robot,2026-05-13T12:11:45.036,2026-05-13T12:11:22.119,2026-05-13T12:11:45.036,Robot,"Sure thing! Let's consider speeding up the process by establishing quicker feedback loops with student representatives to gather their input more efficiently and ensure we address concerns like these promptly in our mentorship initiatives. Maybe a dedicated wellness ambassador program could also help us tackle issues faster, making sure everyone feels heard quickly at TU Delft!",divergence,context_only,,lmstudio,focusrite,Analogue 1 + 2 (Focusrite USB A,,,,true,,,,,,,,
LIVE_G01_T1,G01,G01_T1_1778666997,8,,participant,2026-05-13T12:11:20.101,2026-05-13T12:11:18.289,2026-05-13T12:11:20.101,Participant 1,paper wire so slow,divergence,,,,focusrite,Analogue 1 + 2 (Focusrite USB A,focusrite,1,643.86,false,pepper,,,,,,,
LIVE_G01_T1,G01,G01_T1_1778666997,9,3,robot,2026-05-13T12:12:07.824,2026-05-13T12:11:47.003,2026-05-13T12:12:07.824,Robot,"Let's streamline our approach by setting up rapid response teams that can swiftly address concerns and suggestions from students through a more efficient communication channel, ensuring we keep the momentum going for student wellbeing initiatives at TU Delft! How about implementing an online suggestion portal with weekly updates to speed things up?",divergence,context_only,,lmstudio,focusrite,Analogue 1 + 2 (Focusrite USB A,,,,true,,,,,,,,
LIVE_G01_T1,G01,G01_T1_1778666997,10,4,participant,2026-05-13T12:12:10.241,2026-05-13T12:12:09.048,2026-05-13T12:12:10.241,Participant 1,because now i id all,divergence,,,,focusrite,Analogue 1 + 2 (Focusrite USB A,focusrite,1,742.78,true,pepper,,,,,,,
LIVE_G01_T1,G01,G01_T1_1778666997,11,4,robot,2026-05-13T12:12:32.396,2026-05-13T12:12:12.869,2026-05-13T12:12:32.396,Robot,"Let's create an online portal where students can instantly share their experiences and concerns about wellbeing at TU Delft every week; this way we keep the momentum alive with everyone feeling heard quickly! What if these portals also featured student-led initiatives, giving them a sense of ownership over campus life?",divergence,perspective_shift,P-D-01,lmstudio,focusrite,Analogue 1 + 2 (Focusrite USB A,,,,true,,,,,,,,
LIVE_G01_T1,G01,G01_T1_1778666997,12,,participant,2026-05-13T12:12:17.361,2026-05-13T12:12:16.109,2026-05-13T12:12:17.361,Participant 1,why does he keep talking,divergence,,,,focusrite,Analogue 1 + 2 (Focusrite USB A,focusrite,1,605.78,false,pepper,,,,,,,
LIVE_G01_T1,G01,G01_T1_1778666997,13,,participant,2026-05-13T12:12:25.300,2026-05-13T12:12:22.609,2026-05-13T12:12:25.300,Participant 1,retired also i can't give you,divergence,,,,focusrite,Analogue 1 + 2 (Focusrite USB A,focusrite,1,2362.4,false,pepper,,,,,,,
LIVE_G01_T1,G01,G01_T1_1778666997,14,5,robot,2026-05-13T12:13:07.166,2026-05-13T12:12:38.095,2026-05-13T12:13:07.166,Robot,"I understand you're feeling the conversation is dragging and I appreciate your input about retirement too! Let’s try to keep things moving by suggesting a structured timeline for our initiatives that includes regular check-ins with student groups, ensuring everyone stays involved regardless of their current status. How does setting up monthly virtual town halls sound? This way we can maintain engagement and allow retirees like yourself who have valuable insights to contribute regularly!",divergence,context_only,,lmstudio,focusrite,Analogue 1 + 2 (Focusrite USB A,,,,true,,,,,,,,
LIVE_G01_T1,G01,G01_T1_1778666997,15,5,session_end_evaluation,2026-05-13T12:13:16.405,2026-05-13T12:13:16.405,2026-05-13T12:13:16.405,Researcher,Session-end engagement and creative confidence scores,divergence,perspective_shift,P-D-01,manual_evaluation,focusrite,Analogue 1 + 2 (Focusrite USB A,,,,,,,100,100,end,,,
LIVE_G01_T1,G01,G01_T1_1778667439,1,,session_start_evaluation,2026-05-13T12:17:25.584,2026-05-13T12:17:25.584,2026-05-13T12:17:25.584,Researcher,Session-start engagement and creative confidence scores,divergence,session_start,,manual_evaluation,focusrite,Analogue 1 + 2 (Focusrite USB A,,,,,,,67,67,start,,,
LIVE_G01_T1,G01,G01_T1_1778667439,2,1,participant,2026-05-13T12:17:32.887,2026-05-13T12:17:31.135,2026-05-13T12:17:32.887,Participant 1,pepper,divergence,,,,focusrite,Analogue 1 + 2 (Focusrite USB A,focusrite,1,2802.91,true,pepper,,,,,,,
LIVE_G01_T1,G01,G01_T1_1778667439,3,1,robot,2026-05-13T12:17:53.033,2026-05-13T12:17:34.993,2026-05-13T12:17:53.033,Robot,"What if we created more peer mentorship programs? This could foster community and help students feel supported in their academic journey. Plus, it might increase engagement by allowing them to connect with others who share similar interests and challenges. How does that sound for a start?",divergence,context_only,,lmstudio,focusrite,Analogue 1 + 2 (Focusrite USB A,,,,true,,,,,,,,
LIVE_G01_T1,G01,G01_T1_1778667439,4,,participant,2026-05-13T12:18:01.447,2026-05-13T12:17:58.295,2026-05-13T12:18:01.447,Participant 1,i think that's good but,divergence,,,,focusrite,Analogue 1 + 2 (Focusrite USB A,focusrite,1,2211.43,false,pepper,,,,,,,
LIVE_G01_T1,G01,G01_T1_1778667439,5,,participant,2026-05-13T12:18:03.867,2026-05-13T12:18:01.460,2026-05-13T12:18:03.867,Participant 1,what do you think da use,divergence,,,,focusrite,Analogue 1 + 2 (Focusrite USB A,focusrite,1,1697.65,false,pepper,,,,,,,
LIVE_G01_T1,G01,G01_T1_1778667439,6,,participant,2026-05-13T12:18:09.767,2026-05-13T12:18:03.875,2026-05-13T12:18:09.767,Participant 1,do you think that that's a good idea what other ideas do you have da,divergence,,,,focusrite,Analogue 1 + 2 (Focusrite USB A,focusrite,1,2424.23,false,pepper,,,,,,,
LIVE_G01_T1,G01,G01_T1_1778667439,7,2,robot,2026-05-13T12:18:34.792,2026-05-13T12:18:20.583,2026-05-13T12:18:34.792,Robot,What if we also consider integrating mindfulness and stress management workshegovement programs? They could complement the mentorship by addressing wellbeing directly alongside academic support. Thoughts on that angle?,divergence,context_only,,lmstudio,focusrite,Analogue 1 + 2 (Focusrite USB A,,,,true,,,,,,,,
LIVE_G01_T1,G01,G01_T1_1778667439,8,,participant,2026-05-13T12:18:39.487,2026-05-13T12:18:35.445,2026-05-13T12:18:39.487,Participant 1,i think the microphone didn't catch your sound values use unfortunately,divergence,,,,focusrite,Analogue 1 + 2 (Focusrite USB A,focusrite,1,1099.01,false,pepper,,,,,,,
LIVE_G01_T1,G01,G01_T1_1778667439,9,,participant,2026-05-13T12:18:43.567,2026-05-13T12:18:39.535,2026-05-13T12:18:43.567,Participant 1,now i think it talked because there was a lot of,divergence,,,,focusrite,Analogue 1 + 2 (Focusrite USB A,focusrite,1,614.45,false,pepper,,,,,,,
LIVE_G01_T1,G01,G01_T1_1778667439,10,,participant,2026-05-13T12:18:48.727,2026-05-13T12:18:43.955,2026-05-13T12:18:48.727,Participant 1,the the silence yeah like ten seconds of silence i guess,divergence,,,,focusrite,Analogue 1 + 2 (Focusrite USB A,focusrite,1,1191.91,false,pepper,,,,,,,
LIVE_G01_T1,G01,G01_T1_1778667439,11,,participant,2026-05-13T12:18:52.487,2026-05-13T12:18:51.055,2026-05-13T12:18:52.487,Participant 2,that's how would it looked like,divergence,,,,focusrite,Analogue 1 + 2 (Focusrite USB A,focusrite,2,467.54,false,pepper,,,,,,,
LIVE_G01_T1,G01,G01_T1_1778667439,12,,participant,2026-05-13T12:18:59.827,2026-05-13T12:18:57.595,2026-05-13T12:18:59.827,Participant 1,that's okay,divergence,,,,focusrite,Analogue 1 + 2 (Focusrite USB A,focusrite,1,1023.44,false,pepper,,,,,,,
LIVE_G01_T1,G01,G01_T1_1778667439,13,,participant,2026-05-13T12:19:02.747,2026-05-13T12:19:00.055,2026-05-13T12:19:02.747,Participant 1,that i think that's our main problem because,divergence,,,,focusrite,Analogue 1 + 2 (Focusrite USB A,focusrite,1,1018.46,false,pepper,,,,,,,
LIVE_G01_T1,G01,G01_T1_1778667439,14,,participant,2026-05-13T12:19:04.837,2026-05-13T12:19:03.075,2026-05-13T12:19:04.837,Participant 1,understand exactly nothing,divergence,,,,focusrite,Analogue 1 + 2 (Focusrite USB A,focusrite,1,560.84,false,pepper,,,,,,,
LIVE_G01_T1,G01,G01_T1_1778667439,15,,participant,2026-05-13T12:19:06.377,2026-05-13T12:19:05.255,2026-05-13T12:19:06.377,Participant 2,so it just,divergence,,,,focusrite,Analogue 1 + 2 (Focusrite USB A,focusrite,2,434.26,false,pepper,,,,,,,
LIVE_G01_T1,G01,G01_T1_1778667439,16,,participant,2026-05-13T12:19:07.627,2026-05-13T12:19:06.095,2026-05-13T12:19:07.627,Participant 1,when you said,divergence,,,,focusrite,Analogue 1 + 2 (Focusrite USB A,focusrite,1,1901.63,false,pepper,,,,,,,
LIVE_G01_T1,G01,G01_T1_1778667439,17,,participant,2026-05-13T12:19:08.227,2026-05-13T12:19:06.606,2026-05-13T12:19:08.227,Participant 2,me talking about nothing,divergence,,,,focusrite,Analogue 1 + 2 (Focusrite USB A,focusrite,2,491.52,false,pepper,,,,,,,
LIVE_G01_T1,G01,G01_T1_1778667439,18,,participant,2026-05-13T12:19:13.707,2026-05-13T12:19:08.185,2026-05-13T12:19:13.707,Participant 1,yeah when you said there's ten what if we had more working page just said that's how we to do back,divergence,,,,focusrite,Analogue 1 + 2 (Focusrite USB A,focusrite,1,980.76,false,pepper,,,,,,,
LIVE_G01_T1,G01,G01_T1_1778667439,19,,participant,2026-05-13T12:19:16.777,2026-05-13T12:19:14.227,2026-05-13T12:19:16.777,Participant 2,but then i guess you have to have people who talk very clear,divergence,,,,focusrite,Analogue 1 + 2 (Focusrite USB A,focusrite,2,1590.93,false,pepper,,,,,,,
LIVE_G01_T1,G01,G01_T1_1778667439,20,3,robot,2026-05-13T12:19:50.119,2026-05-13T12:19:28.955,2026-05-13T12:19:50.119,Robot,"Let's consider implementing regular sound checks and clarity worksh administrations to ensure our discussions are heard clearly at TU Delft events. This could help reduce misunderstandings due to technical issues like microphone problems we discussed earlier, enhancing both student engagement and wellbeing by fostering clearer communication channels.",divergence,context_only,,lmstudio,focusrite,Analogue 1 + 2 (Focusrite USB A,,,,true,,,,,,,,
LIVE_G01_T1,G01,G01_T1_1778667439,21,,participant,2026-05-13T12:19:29.497,2026-05-13T12:19:28.065,2026-05-13T12:19:29.497,Participant 2,but the,divergence,,,,focusrite,Analogue 1 + 2 (Focusrite USB A,focusrite,2,652.22,false,pepper,,,,,,,
LIVE_G01_T1,G01,G01_T1_1778667439,22,,participant,2026-05-13T12:19:29.737,2026-05-13T12:19:19.606,2026-05-13T12:19:29.737,Participant 1,yes but our speech things are gonna be so fuck that when we say spa paper is are gonna understand spa it's gonna start talking about the retirees again,divergence,,,,focusrite,Analogue 1 + 2 (Focusrite USB A,focusrite,1,1565.2,false,pepper,,,,,,,
LIVE_G01_T1,G01,G01_T1_1778667439,23,,participant,2026-05-13T12:19:41.717,2026-05-13T12:19:39.484,2026-05-13T12:19:41.717,Participant 1,no,divergence,,,,focusrite,Analogue 1 + 2 (Focusrite USB A,focusrite,1,1704.07,false,pepper,,,,,,,
LIVE_G01_T1,G01,G01_T1_1778667439,24,4,robot,2026-05-13T12:20:12.415,2026-05-13T12:19:54.001,2026-05-13T12:20:12.415,Robot,"Let's create an initiative where we role-play different scenarios at TU Delft to understand and improve communication better; this way, everyone can feel more understood regardless of technical jargon like 'spa paper,' which might confuse some into thinking about retirees instead.",divergence,perspective_shift,P-D-01,lmstudio,focusrite,Analogue 1 + 2 (Focusrite USB A,,,,true,,,,,,,,
LIVE_G01_T1,G01,G01_T1_1778667439,25,,participant,2026-05-13T12:19:52.578,2026-05-13T12:19:50.635,2026-05-13T12:19:52.578,Participant 2,i was still talking pepper but okay,divergence,,,,focusrite,Analogue 1 + 2 (Focusrite USB A,focusrite,2,1343.54,false,pepper,,,,,,,
LIVE_G01_T1,G01,G01_T1_1778667439,26,,participant,2026-05-13T12:19:57.317,2026-05-13T12:19:52.625,2026-05-13T12:19:57.317,Participant 1,that you are rude,divergence,,,,focusrite,Analogue 1 + 2 (Focusrite USB A,focusrite,1,2270.5,false,pepper,,,,,,,
LIVE_G01_T1,G01,G01_T1_1778667439,27,,participant,2026-05-13T12:20:04.798,2026-05-13T12:20:00.565,2026-05-13T12:20:04.798,Participant 1,he didn't even catch my paper here yet it started talking by itself,divergence,,,,focusrite,Analogue 1 + 2 (Focusrite USB A,focusrite,1,1024.51,false,pepper,,,,,,,
LIVE_G01_T1,G01,G01_T1_1778667439,28,,participant,2026-05-13T12:20:09.948,2026-05-13T12:20:07.726,2026-05-13T12:20:09.948,Participant 1,cooked,divergence,,,,focusrite,Analogue 1 + 2 (Focusrite USB A,focusrite,1,498.51,false,pepper,,,,,,,
LIVE_G01_T1,G01,G01_T1_1778667439,29,,participant,2026-05-13T12:20:17.287,2026-05-13T12:20:15.705,2026-05-13T12:20:17.287,Participant 1,twenty five,divergence,,,,focusrite,Analogue 1 + 2 (Focusrite USB A,focusrite,1,3387.0,false,pepper,,,,,,,
LIVE_G01_T1,G01,G01_T1_1778667439,30,5,participant,2026-05-13T12:20:21.238,2026-05-13T12:20:17.705,2026-05-13T12:20:21.238,Participant 1,pepper you're cooked,divergence,,,,focusrite,Analogue 1 + 2 (Focusrite USB A,focusrite,1,10855.33,true,pepper,,,,,,,
LIVE_G01_T1,G01,G01_T1_1778667439,31,5,robot,2026-05-13T12:20:52.710,2026-05-13T12:20:35.389,2026-05-13T12:20:52.710,Robot,Let's address these concerns by organizing workshoglett sessions where we can all share our experiences and feedback directly; it could really help us understand each other better without the confusion that seems to be happening lately at TU Delft events. How does that sound?,divergence,context_only,,lmstudio,focusrite,Analogue 1 + 2 (Focusrite USB A,,,,true,,,,,,,,
LIVE_G01_T1,G01,G01_T1_1778667439,32,5,session_end_evaluation,2026-05-13T12:21:01.993,2026-05-13T12:21:01.993,2026-05-13T12:21:01.993,Researcher,Session-end engagement and creative confidence scores,divergence,perspective_shift,P-D-01,manual_evaluation,focusrite,Analogue 1 + 2 (Focusrite USB A,,,,,,,100,1,end,,,
