S_BUDGET,G_BUDGET,S_BUDGET

2026-04-23T19:01:37,divergence,context_only,,,
2026-04-23T19:01:37,P1,We need a comprehensive mentorship program with dedicated staff.
2026-04-23T19:01:37,P2,"That would be great, but the budget for new initiatives is really tight this year."
2026-04-23T19:01:53,It sounds like budget is a real concern right now. Maybe we could explore some low-cost or existing resources that might support a mentorship idea?

2026-04-23T19:01:53,divergence,generative,P-D-05,,What else?
2026-04-23T19:01:53,P1,"Yeah, so maybe something smaller. We could use volunteers?"
2026-04-23T19:02:10,"That's a smart pivot toward utilizing existing networks! To keep us generating ideas, let's try this: If we take the concept of 'belonging,' what other non-human resources or physical spaces could contribute? What else might help?"

2026-04-23T21:25:15,divergence,context_only,,,
2026-04-23T21:25:15,P1,We need a comprehensive mentorship program with dedicated staff.
2026-04-23T21:25:15,P2,"That would be great, but the budget for new initiatives is really tight this year."
2026-04-23T21:25:15,"Okay, let’s think about how we can support first-year students feeling a bit lost."

2026-04-23T21:25:15,divergence,generative,P-D-05,,What else?
2026-04-23T21:25:15,P1,"Yeah, so maybe something smaller. We could use volunteers?"
2026-04-23T21:25:16,What kind of support would be most helpful for students feeling isolated right now?

2026-04-23T21:25:16,convergence,generative,P-C-06,,With these [values]
2026-04-23T21:25:16,P2,Volunteers could work. But would they stay committed?
2026-04-23T21:25:16,P1,What if we pair first-year ambassadors with newer international students?
2026-04-23T21:25:16,P2,That could tap into existing student leaders. Maybe start with just one faculty?
2026-04-23T21:25:16,"Okay, let’s explore some ways to support first-year students. What kind of support feels most impactful?"

